{
  "meta": {
    "timestamp": "20260426_230747",
    "n_test": 24,
    "n_fertile": 12,
    "n_infertile": 12,
    "n_features": 335
  },
  "results": {
    "AWC": {
      "y_true": [
        0,
        0,
        0,
        0,
        0,
        0,
        0,
        0,
        0,
        0,
        0,
        0,
        1,
        1,
        1,
        1,
        1,
        1,
        1,
        1,
        1,
        1,
        1,
        1
      ],
      "y_pred": [
        1,
        0,
        1,
        0,
        1,
        1,
        0,
        0,
        1,
        1,
        1,
        1,
        1,
        1,
        1,
        1,
        1,
        1,
        1,
        1,
        1,
        1,
        1,
        1
      ],
      "metrics": {
        "accuracy": 0.6666666666666666,
        "precision": 0.6,
        "recall": 1.0,
        "specificity": 0.3333333333333333,
        "f1": 0.75,
        "roc_auc": 0.8958333333333333,
        "brier_score": 0.18689902021041496
      }
    },
    "KMeans": {
      "y_true": [
        0,
        0,
        0,
        0,
        0,
        0,
        0,
        0,
        0,
        0,
        0,
        0,
        1,
        1,
        1,
        1,
        1,
        1,
        1,
        1,
        1,
        1,
        1,
        1
      ],
      "y_pred": [
        1,
        0,
        1,
        0,
        1,
        1,
        0,
        0,
        1,
        1,
        1,
        1,
        1,
        1,
        1,
        1,
        1,
        1,
        1,
        1,
        1,
        1,
        1,
        1
      ],
      "metrics": {
        "accuracy": 0.6666666666666666,
        "precision": 0.6,
        "recall": 1.0,
        "specificity": 0.3333333333333333,
        "f1": 0.75,
        "roc_auc": 0.6840277777777777,
        "brier_score": 0.33157547292343237
      }
    },
    "FCM": {
      "y_true": [
        0,
        0,
        0,
        0,
        0,
        0,
        0,
        0,
        0,
        0,
        0,
        0,
        1,
        1,
        1,
        1,
        1,
        1,
        1,
        1,
        1,
        1,
        1,
        1
      ],
      "y_pred": [
        1,
        0,
        1,
        0,
        1,
        1,
        0,
        0,
        1,
        1,
        1,
        1,
        1,
        1,
        1,
        1,
        1,
        1,
        1,
        1,
        1,
        1,
        1,
        1
      ],
      "metrics": {
        "accuracy": 0.6666666666666666,
        "precision": 0.6,
        "recall": 1.0,
        "specificity": 0.3333333333333333,
        "f1": 0.75,
        "roc_auc": 0.7152777777777778,
        "brier_score": 0.2789262235756342
      }
    }
  },
  "wilcoxon": {
    "AWC_vs_KMeans": {
      "statistic": null,
      "p_value": null,
      "significant": false,
      "note": "Identical predictions \u2014 test not applicable"
    },
    "AWC_vs_FCM": {
      "statistic": null,
      "p_value": null,
      "significant": false,
      "note": "Identical predictions \u2014 test not applicable"
    },
    "KMeans_vs_FCM": {
      "statistic": null,
      "p_value": null,
      "significant": false,
      "note": "Identical predictions \u2014 test not applicable"
    }
  }
}