{
    "Cluster 0": {
        "precision": 1.0,
        "recall": 0.5833333333333334,
        "f1-score": 0.7368421052631579,
        "support": 12.0
    },
    "Cluster 1": {
        "precision": 0.4444444444444444,
        "recall": 0.3333333333333333,
        "f1-score": 0.38095238095238093,
        "support": 12.0
    },
    "Cluster 2": {
        "precision": 0.0,
        "recall": 0.0,
        "f1-score": 0.0,
        "support": 0.0
    },
    "accuracy": 0.4583333333333333,
    "macro avg": {
        "precision": 0.48148148148148145,
        "recall": 0.3055555555555556,
        "f1-score": 0.3725981620718463,
        "support": 24.0
    },
    "weighted avg": {
        "precision": 0.7222222222222222,
        "recall": 0.4583333333333333,
        "f1-score": 0.5588972431077693,
        "support": 24.0
    }
}