{
  "meta": {
    "timestamp": "20260420_130019",
    "n_test": 24,
    "n_fertile": 12,
    "n_infertile": 12,
    "n_features": 50
  },
  "results": {
    "AWC": {
      "y_true": [
        0,
        0,
        0,
        0,
        0,
        0,
        0,
        0,
        0,
        0,
        0,
        0,
        1,
        1,
        1,
        1,
        1,
        1,
        1,
        1,
        1,
        1,
        1,
        1
      ],
      "y_pred": [
        1,
        0,
        0,
        0,
        0,
        0,
        0,
        0,
        1,
        0,
        1,
        0,
        1,
        1,
        1,
        1,
        1,
        1,
        1,
        1,
        1,
        1,
        1,
        1
      ],
      "metrics": {
        "accuracy": 0.875,
        "precision": 0.8,
        "recall": 1.0,
        "specificity": 0.75,
        "f1": 0.8888888888888888,
        "roc_auc": 0.951388888888889,
        "brier_score": 0.20708386200127624
      }
    },
    "KMeans": {
      "y_true": [
        0,
        0,
        0,
        0,
        0,
        0,
        0,
        0,
        0,
        0,
        0,
        0,
        1,
        1,
        1,
        1,
        1,
        1,
        1,
        1,
        1,
        1,
        1,
        1
      ],
      "y_pred": [
        1,
        0,
        0,
        0,
        0,
        0,
        0,
        0,
        1,
        0,
        1,
        0,
        1,
        1,
        1,
        1,
        1,
        1,
        1,
        1,
        1,
        1,
        1,
        1
      ],
      "metrics": {
        "accuracy": 0.875,
        "precision": 0.8,
        "recall": 1.0,
        "specificity": 0.75,
        "f1": 0.8888888888888888,
        "roc_auc": 0.9444444444444444,
        "brier_score": 0.10153540597701195
      }
    },
    "FCM": {
      "y_true": [
        0,
        0,
        0,
        0,
        0,
        0,
        0,
        0,
        0,
        0,
        0,
        0,
        1,
        1,
        1,
        1,
        1,
        1,
        1,
        1,
        1,
        1,
        1,
        1
      ],
      "y_pred": [
        0,
        0,
        0,
        0,
        0,
        0,
        0,
        0,
        1,
        0,
        1,
        0,
        1,
        1,
        1,
        1,
        1,
        1,
        1,
        1,
        1,
        1,
        1,
        1
      ],
      "metrics": {
        "accuracy": 0.9166666666666666,
        "precision": 0.8571428571428571,
        "recall": 1.0,
        "specificity": 0.8333333333333334,
        "f1": 0.9230769230769231,
        "roc_auc": 0.9166666666666667,
        "brier_score": 0.12163078636024678
      }
    }
  },
  "wilcoxon": {
    "AWC_vs_KMeans": {
      "statistic": null,
      "p_value": null,
      "significant": false,
      "note": "Identical predictions \u2014 test not applicable"
    },
    "AWC_vs_FCM": {
      "statistic": 0.0,
      "p_value": 0.31731050786291415,
      "significant": false,
      "better_model": "FCM",
      "note": "p=0.3173 (not significant at \u03b1=0.05)"
    },
    "KMeans_vs_FCM": {
      "statistic": 0.0,
      "p_value": 0.31731050786291415,
      "significant": false,
      "better_model": "FCM",
      "note": "p=0.3173 (not significant at \u03b1=0.05)"
    }
  }
}