{
  "evaluation": {
    "silhouette": 0.3366905748844147,
    "davies_bouldin": 0.9655395660035092,
    "calinski_harabasz": 16.548944825732143,
    "adjusted_rand": 0.5439093484419264,
    "normalized_mutual_info": 0.5615896365639194
  },
  "cluster_info": {
    "n_clusters": 2,
    "iterations": 2,
    "inertia": 4504.05888081282,
    "silhouette_score": 0.3188644349575043,
    "weights": [
      0.4508082196836611,
      0.5491917803163389
    ],
    "feature_importance": [
      0.029389931589897667,
      0.029389931589897667,
      0.029389931589897667,
      0.0008264003326298114,
      0.029389931589897667,
      0.029389931589897667,
      0.029389931589897667,
      0.0002938993158989767,
      0.006270171543343749,
      0.02776212639801219,
      0.029389931589897667,
      0.004545378012533702,
      0.00029633786040749767,
      0.00044653091866060635,
      0.00170363593798833,
      0.029389931589897667,
      0.029389931589897667,
      0.029389931589897667,
      0.029389931589897667,
      0.029389931589897667,
      0.029389931589897667,
      0.029389931589897667,
      0.029389931589897667,
      0.029389931589897667,
      0.029389931589897667,
      0.029389931589897667,
      0.007450392372379988,
      0.007513036376463585,
      0.004399359622393582,
      0.0002938993158989767,
      0.002506291217482812,
      0.029389931589897667,
      0.0002938993158989767,
      0.0002938993158989767,
      0.0002938993158989767,
      0.0002938993158989767,
      0.0002938993158989767,
      0.029389931589897667,
      0.029389931589897667,
      0.029389931589897667,
      0.029389931589897667,
      0.029389931589897667,
      0.02313516490958367,
      0.029389931589897667,
      0.029389931589897667,
      0.029389931589897667,
      0.029389931589897667,
      0.029389931589897667,
      0.029389931589897667,
      0.029389931589897667
    ],
    "centroids": [
      [
        0.8390811681747437,
        0.8573799729347229,
        0.757594108581543,
        -0.21445125341415405,
        0.7798760533332825,
        -0.32987716794013977,
        -0.7774685025215149,
        0.11602272838354111,
        0.5024756193161011,
        0.7165241241455078,
        0.6812146902084351,
        0.35353490710258484,
        0.13688647747039795,
        0.18354129791259766,
        0.332380473613739,
        0.5305560827255249,
        0.618790328502655,
        0.5740426182746887,
        0.6069755554199219,
        0.5929349660873413,
        0.511422336101532,
        0.5113549828529358,
        0.4146091639995575,
        0.32060474157333374,
        0.32030072808265686,
        0.2999393939971924,
        0.3678315579891205,
        0.39268577098846436,
        0.33952566981315613,
        -0.06608033925294876,
        -0.19064733386039734,
        -0.20683498680591583,
        0.0,
        0.0,
        0.0,
        0.0,
        0.0,
        0.7771930694580078,
        0.8092048168182373,
        0.8051658868789673,
        0.8256142735481262,
        0.7393932938575745,
        0.6846594214439392,
        0.8090566992759705,
        0.7941551804542542,
        -0.7897853851318359,
        0.8082902431488037,
        0.7173206806182861,
        0.7173206210136414,
        0.6476990580558777
      ],
      [
        -0.8608753085136414,
        -0.8796495795249939,
        -0.7772719860076904,
        0.22002145648002625,
        -0.8001329898834229,
        0.33844563364982605,
        0.7976622581481934,
        -0.11903630197048187,
        -0.5155268311500549,
        -0.7351351976394653,
        -0.6989087462425232,
        -0.36271750926971436,
        -0.14044198393821716,
        -0.18830861151218414,
        -0.34101366996765137,
        -0.54433673620224,
        -0.634863018989563,
        -0.5889529585838318,
        -0.622741162776947,
        -0.6083360910415649,
        -0.5247061848640442,
        -0.5246369242668152,
        -0.42537829279899597,
        -0.3289322257041931,
        -0.32862037420272827,
        -0.30773022770881653,
        -0.37738585472106934,
        -0.40288564562797546,
        -0.3483445346355438,
        0.06779666990041733,
        0.19559894502162933,
        0.21220745146274567,
        0.0,
        0.0,
        0.0,
        0.0,
        0.0,
        -0.7973798513412476,
        -0.8302232623100281,
        -0.8260793089866638,
        -0.8470585942268372,
        -0.7585983276367188,
        -0.7024427056312561,
        -0.8300711512565613,
        -0.8147823810577393,
        0.8102992177009583,
        -0.8292850852012634,
        -0.7359524369239807,
        -0.7359524369239807,
        -0.6645221710205078
      ]
    ]
  },
  "checkpoint_path": "models\\awc\\awc_model.pkl",
  "train_shape": [
    156,
    50
  ],
  "test_shape": [
    24,
    50
  ],
  "train_labels_available": true,
  "test_labels_available": true
}