{
  "evaluation": {
    "silhouette": 0.3543757200241089,
    "davies_bouldin": 0.9555815502862206,
    "calinski_harabasz": 17.777444210130977,
    "adjusted_rand": 0.6809583858764187,
    "normalized_mutual_info": 0.6615161167901195
  },
  "cluster_info": {
    "n_clusters": 2,
    "iterations": 2,
    "inertia": 1248.7977130816244,
    "silhouette_score": 0.4895642101764679,
    "weights": [
      0.5297888913916735,
      0.47021110860832643
    ],
    "feature_importance": [
      0.05,
      0.05,
      0.05,
      0.05,
      0.05,
      0.05,
      0.05,
      0.05,
      0.05,
      0.05,
      0.05,
      0.05,
      0.05,
      0.05,
      0.05,
      0.05,
      0.05,
      0.05,
      0.05,
      0.05
    ],
    "centroids": [
      [
        0.8310717940330505,
        0.8646666407585144,
        0.757594108581543,
        0.7634326815605164,
        -0.7603777647018433,
        0.6136953830718994,
        0.5934637784957886,
        0.7904072999954224,
        0.8136548399925232,
        0.8092396855354309,
        0.8252174258232117,
        0.8012893199920654,
        0.8002995252609253,
        -0.7760017514228821,
        0.81809401512146,
        0.7112247347831726,
        0.720279335975647,
        0.7253444194793701,
        0.7286003828048706,
        0.728600263595581
      ],
      [
        -0.8526578545570374,
        -0.8871256113052368,
        -0.7772719860076904,
        -0.7832624912261963,
        0.7801276445388794,
        -0.6296355724334717,
        -0.6088786721229553,
        -0.8109374046325684,
        -0.8347888588905334,
        -0.8302587866783142,
        -0.846651554107666,
        -0.8221020102500916,
        -0.8210864067077637,
        0.7961574792861938,
        -0.8393433690071106,
        -0.7296980619430542,
        -0.7389879822731018,
        -0.7441847920417786,
        -0.747525155544281,
        -0.747525155544281
      ]
    ],
    "feature_indices": [
      0,
      1,
      2,
      4,
      6,
      18,
      19,
      37,
      38,
      39,
      40,
      43,
      44,
      45,
      46,
      56,
      61,
      66,
      67,
      68
    ],
    "n_input_features": 70,
    "n_selected_features": 20
  },
  "checkpoint_path": "models\\awc\\awc_model.pkl",
  "train_shape": [
    156,
    70
  ],
  "test_shape": [
    24,
    70
  ],
  "selected_feature_count": 20,
  "selected_feature_indices": [
    0,
    1,
    2,
    4,
    6,
    18,
    19,
    37,
    38,
    39,
    40,
    43,
    44,
    45,
    46,
    56,
    61,
    66,
    67,
    68
  ],
  "train_labels_available": true,
  "test_labels_available": true
}