{
  "evaluation": {
    "silhouette": 0.2454480528831482,
    "davies_bouldin": 1.113316540343401,
    "calinski_harabasz": 16.279033852625073,
    "adjusted_rand": 0.3588593399551426,
    "normalized_mutual_info": 0.4875762109618982
  },
  "cluster_info": {
    "n_clusters": 3,
    "iterations": 2,
    "inertia": 3744.0401453961904,
    "silhouette_score": 0.24273625016212463,
    "weights": [
      0.2509445553058914,
      0.30894858664424474,
      0.4401068580498638
    ],
    "feature_importance": [
      0.023618684754976083,
      0.023618684754976083,
      0.023618684754976083,
      0.00023618684754976086,
      0.023618684754976083,
      0.023618684754976083,
      0.023618684754976083,
      0.023618684754976083,
      0.023618684754976083,
      0.023618684754976083,
      0.023618684754976083,
      0.023618684754976083,
      0.023618684754976083,
      0.023618684754976083,
      0.023618684754976083,
      0.023618684754976083,
      0.023618684754976083,
      0.023618684754976083,
      0.023618684754976083,
      0.023618684754976083,
      0.023618684754976083,
      0.023618684754976083,
      0.023618684754976083,
      0.023618684754976083,
      0.023618684754976083,
      0.023618684754976083,
      0.023618684754976083,
      0.023618684754976083,
      0.006361932358156067,
      0.00023618684754976086,
      0.023618684754976083,
      0.023618684754976083,
      0.00023618684754976086,
      0.00023618684754976086,
      0.00023618684754976086,
      0.00023618684754976086,
      0.00023618684754976086,
      0.023618684754976083,
      0.023618684754976083,
      0.023618684754976083,
      0.023618684754976083,
      0.023618684754976083,
      0.023618684754976083,
      0.023618684754976083,
      0.023618684754976083,
      0.023618684754976083,
      0.023618684754976083,
      0.023618684754976083,
      0.023618684754976083,
      0.023618684754976083
    ],
    "centroids": [
      [
        1.0101784467697144,
        1.1007086038589478,
        0.8899509906768799,
        -0.17197805643081665,
        0.9272527098655701,
        -0.3299085795879364,
        -0.8145667314529419,
        -0.08875274658203125,
        0.48127734661102295,
        0.8680184483528137,
        0.8464393019676208,
        0.4541555941104889,
        0.05466870218515396,
        -0.12897281348705292,
        0.021957717835903168,
        0.2981165647506714,
        0.5893166661262512,
        0.6239171624183655,
        0.7587867975234985,
        0.924001932144165,
        0.8489786386489868,
        0.8597884774208069,
        0.697326123714447,
        0.5361467003822327,
        0.5288434624671936,
        0.46434327960014343,
        0.49915412068367004,
        0.44950810074806213,
        0.47764256596565247,
        -0.07340818643569946,
        -0.23755735158920288,
        -0.2068350464105606,
        0.0,
        0.0,
        0.0,
        0.0,
        0.0,
        1.0492944717407227,
        1.0496890544891357,
        1.0319596529006958,
        0.9878677725791931,
        0.826076328754425,
        0.7380990386009216,
        0.9640548825263977,
        0.9660691022872925,
        -0.9222807884216309,
        1.0718616247177124,
        0.782243549823761,
        0.7822433114051819,
        0.691970705986023
      ],
      [
        -0.11482609063386917,
        -0.2800104320049286,
        -0.027105480432510376,
        -0.1868339478969574,
        -0.07074518501758575,
        -0.3289702236652374,
        -0.12883904576301575,
        0.7232118844985962,
        0.38158607482910156,
        -0.14999502897262573,
        -0.26356789469718933,
        0.027146639302372932,
        0.38397952914237976,
        0.6406159996986389,
        0.4231354594230652,
        0.14789898693561554,
        -0.10157109797000885,
        -0.1928350180387497,
        -0.3162357807159424,
        -0.49770739674568176,
        -0.48313528299331665,
        -0.4937128722667694,
        -0.3997708261013031,
        -0.3027569353580475,
        -0.2867894172668457,
        -0.2271111011505127,
        -0.1400243192911148,
        -0.07772763073444366,
        -0.16963402926921844,
        0.04629632830619812,
        0.034626953303813934,
        0.06660789251327515,
        0.0,
        0.0,
        0.0,
        0.0,
        0.0,
        -0.21696685254573822,
        -0.1644085794687271,
        -0.14052210748195648,
        -0.06258318573236465,
        0.061420176178216934,
        0.13788525760173798,
        -0.04510575905442238,
        -0.050607115030288696,
        -0.01116983499377966,
        -0.1996622234582901,
        0.16797184944152832,
        0.16797184944152832,
        0.2428896725177765
      ],
      [
        -1.328605055809021,
        -1.2133456468582153,
        -1.2825112342834473,
        0.5384085774421692,
        -1.271966814994812,
        0.9883067011833191,
        1.4063172340393066,
        -0.9620985388755798,
        -1.2930169105529785,
        -1.0639835596084595,
        -0.8600764274597168,
        -0.7164787650108337,
        -0.6621941328048706,
        -0.7773314714431763,
        -0.6727830767631531,
        -0.6670975089073181,
        -0.7227610349655151,
        -0.6361519694328308,
        -0.6500439643859863,
        -0.6212143898010254,
        -0.5316867232322693,
        -0.5317608714103699,
        -0.4322677552700043,
        -0.33932921290397644,
        -0.35262441635131836,
        -0.3469839096069336,
        -0.5305002927780151,
        -0.5509114265441895,
        -0.45371437072753906,
        0.03913300111889839,
        0.300905704498291,
        0.20683513581752777,
        0.0,
        0.0,
        0.0,
        0.0,
        0.0,
        -1.23225736618042,
        -1.312355399131775,
        -1.322124719619751,
        -1.3744595050811768,
        -1.321441411972046,
        -1.3062812089920044,
        -1.365485668182373,
        -1.3601583242416382,
        1.3884949684143066,
        -1.2919973134994507,
        -1.4174476861953735,
        -1.4174476861953735,
        -1.3965328931808472
      ]
    ]
  },
  "checkpoint_path": "models\\awc\\awc_model.pkl",
  "train_shape": [
    156,
    50
  ],
  "test_shape": [
    24,
    50
  ],
  "train_labels_available": true,
  "test_labels_available": true
}