{
  "evaluation": {
    "silhouette": 0.3615638315677643,
    "davies_bouldin": 0.9590696799376486,
    "calinski_harabasz": 19.261132159794542,
    "adjusted_rand": 0.31050804670242976,
    "normalized_mutual_info": 0.26499906304809867
  },
  "cluster_info": {
    "n_clusters": 2,
    "iterations": 2,
    "inertia": 6039.12457952265,
    "silhouette_score": 0.35932883620262146,
    "weights": [
      0.45042687571607193,
      0.549573124283928
    ],
    "feature_importance": [
      0.01890323695658926,
      0.01890323695658926,
      0.01890323695658926,
      0.0003987365093382921,
      0.01890323695658926,
      0.01890323695658926,
      0.01890323695658926,
      0.0025841379398587345,
      0.009423898306765516,
      0.01890323695658926,
      0.01890323695658926,
      0.013154450322079105,
      0.01890323695658926,
      0.0032315824838495613,
      0.01890323695658926,
      0.01890323695658926,
      0.01890323695658926,
      0.01890323695658926,
      0.01890323695658926,
      0.01890323695658926,
      0.01890323695658926,
      0.01890323695658926,
      0.01890323695658926,
      0.01890323695658926,
      0.01890323695658926,
      0.01890323695658926,
      0.01890323695658926,
      0.01890323695658926,
      0.006501016039389456,
      0.0001890323695658926,
      0.0001890323695658926,
      0.0001890323695658926,
      0.0001890323695658926,
      0.0001890323695658926,
      0.0001890323695658926,
      0.0001890323695658926,
      0.0001890323695658926,
      0.01890323695658926,
      0.01890323695658926,
      0.01890323695658926,
      0.01890323695658926,
      0.01890323695658926,
      0.01890323695658926,
      0.01890323695658926,
      0.01890323695658926,
      0.01890323695658926,
      0.01890323695658926,
      0.01890323695658926,
      0.01890323695658926,
      0.01890323695658926,
      0.009135278992434777,
      0.005594872683069013,
      0.01890323695658926,
      0.01890323695658926,
      0.01890323695658926,
      0.008913234680204616,
      0.004486093346957754,
      0.01890323695658926,
      0.01890323695658926,
      0.01890323695658926,
      0.009060663389905828,
      0.004650281252704923,
      0.01890323695658926,
      0.01890323695658926,
      0.01890323695658926,
      0.009148659366892653,
      0.004849461813738373,
      0.01890323695658926,
      0.01890323695658926,
      0.01890323695658926
    ],
    "centroids": [
      [
        0.5317262411117554,
        0.507003128528595,
        0.5166392922401428,
        -0.14505991339683533,
        0.5007060170173645,
        -0.32973507046699524,
        -0.553098738193512,
        0.2967093884944916,
        0.43174347281455994,
        0.4674249291419983,
        0.3468765914440155,
        0.27614426612854004,
        0.26208043098449707,
        0.2656491994857788,
        0.29332679510116577,
        0.292492151260376,
        0.31983044743537903,
        0.2826243042945862,
        0.28878992795944214,
        0.2759143114089966,
        0.23615925014019012,
        0.23588846623897552,
        0.1919022500514984,
        0.1505889594554901,
        0.15602296590805054,
        0.15223847329616547,
        0.23247750103473663,
        0.24734780192375183,
        0.20099188387393951,
        0.008261382579803467,
        -0.08886417001485825,
        -0.09479931741952896,
        0.0,
        0.0,
        0.0,
        0.0,
        0.0,
        0.5116878747940063,
        0.526365339756012,
        0.536679208278656,
        0.5457467436790466,
        0.5227326154708862,
        0.5104674100875854,
        0.5358571410179138,
        0.5209743976593018,
        -0.5456210970878601,
        0.5269234776496887,
        0.49513208866119385,
        0.562484085559845,
        -0.5675848722457886,
        -0.4271623194217682,
        0.35876700282096863,
        0.5136380791664124,
        0.5569678544998169,
        -0.5565339922904968,
        -0.4250514805316925,
        0.3603431284427643,
        0.5093734264373779,
        0.5571843385696411,
        -0.55683434009552,
        -0.4262901842594147,
        0.3651790916919708,
        0.5164119005203247,
        0.5608130693435669,
        -0.5604854226112366,
        -0.42729029059410095,
        0.36915823817253113,
        0.5453485250473022,
        0.5453484654426575,
        0.5210984349250793
      ],
      [
        -1.1963838338851929,
        -1.1407575607299805,
        -1.1624387502670288,
        0.32638493180274963,
        -1.1265891790390015,
        0.7419044375419617,
        1.2444720268249512,
        -0.6675959229469299,
        -0.9714228510856628,
        -1.051706314086914,
        -0.780472457408905,
        -0.6213244795799255,
        -0.5896809697151184,
        -0.5977106094360352,
        -0.6599853038787842,
        -0.658107340335846,
        -0.7196187973022461,
        -0.6359045505523682,
        -0.6497771739959717,
        -0.6208071708679199,
        -0.5313584208488464,
        -0.5307489037513733,
        -0.43178001046180725,
        -0.33882513642311096,
        -0.35105180740356445,
        -0.34253692626953125,
        -0.5230746865272522,
        -0.5565330386161804,
        -0.45223164558410645,
        -0.01858820579946041,
        0.1999438852071762,
        0.21329867839813232,
        0.0,
        0.0,
        0.0,
        0.0,
        0.0,
        -1.1512978076934814,
        -1.1843219995498657,
        -1.2075282335281372,
        -1.2279300689697266,
        -1.1761482954025269,
        -1.148551344871521,
        -1.2056785821914673,
        -1.1721922159194946,
        1.227647304534912,
        -1.1855781078338623,
        -1.1140470504760742,
        -1.2655893564224243,
        1.2770658731460571,
        0.9611151814460754,
        -0.8072255253791809,
        -1.1556857824325562,
        -1.253177523612976,
        1.252201795578003,
        0.9563654065132141,
        -0.8107718825340271,
        -1.1460901498794556,
        -1.2536648511886597,
        1.2528773546218872,
        0.9591531753540039,
        -0.8216530680656433,
        -1.1619268655776978,
        -1.261828899383545,
        1.2610923051834106,
        0.961402952671051,
        -0.8306065201759338,
        -1.2270342111587524,
        -1.2270342111587524,
        -1.1724711656570435
      ]
    ]
  },
  "checkpoint_path": "models\\awc\\awc_model.pkl",
  "train_shape": [
    156,
    70
  ],
  "test_shape": [
    24,
    70
  ],
  "train_labels_available": true,
  "test_labels_available": true
}