{
  "meta": {
    "timestamp": "20260426_222246",
    "n_test": 24,
    "n_fertile": 12,
    "n_infertile": 12,
    "n_features": 70
  },
  "results": {
    "AWC": {
      "y_true": [
        0,
        0,
        0,
        0,
        0,
        0,
        0,
        0,
        0,
        0,
        0,
        0,
        1,
        1,
        1,
        1,
        1,
        1,
        1,
        1,
        1,
        1,
        1,
        1
      ],
      "y_pred": [
        0,
        0,
        0,
        0,
        0,
        0,
        0,
        0,
        1,
        0,
        1,
        0,
        1,
        1,
        1,
        1,
        1,
        0,
        1,
        1,
        0,
        1,
        1,
        0
      ],
      "metrics": {
        "accuracy": 0.7916666666666666,
        "precision": 0.8181818181818182,
        "recall": 0.75,
        "specificity": 0.8333333333333334,
        "f1": 0.782608695652174,
        "roc_auc": 0.951388888888889,
        "brier_score": 0.20940378711627505
      }
    },
    "KMeans": {
      "y_true": [
        0,
        0,
        0,
        0,
        0,
        0,
        0,
        0,
        0,
        0,
        0,
        0,
        1,
        1,
        1,
        1,
        1,
        1,
        1,
        1,
        1,
        1,
        1,
        1
      ],
      "y_pred": [
        0,
        0,
        0,
        0,
        0,
        0,
        0,
        0,
        1,
        0,
        1,
        0,
        1,
        1,
        1,
        1,
        1,
        0,
        1,
        1,
        0,
        1,
        1,
        0
      ],
      "metrics": {
        "accuracy": 0.7916666666666666,
        "precision": 0.8181818181818182,
        "recall": 0.75,
        "specificity": 0.8333333333333334,
        "f1": 0.782608695652174,
        "roc_auc": 0.9166666666666667,
        "brier_score": 0.17930629541811105
      }
    },
    "FCM": {
      "y_true": [
        0,
        0,
        0,
        0,
        0,
        0,
        0,
        0,
        0,
        0,
        0,
        0,
        1,
        1,
        1,
        1,
        1,
        1,
        1,
        1,
        1,
        1,
        1,
        1
      ],
      "y_pred": [
        0,
        0,
        0,
        0,
        0,
        0,
        0,
        0,
        1,
        0,
        1,
        0,
        1,
        1,
        1,
        1,
        1,
        0,
        1,
        1,
        0,
        1,
        1,
        1
      ],
      "metrics": {
        "accuracy": 0.8333333333333334,
        "precision": 0.8333333333333334,
        "recall": 0.8333333333333334,
        "specificity": 0.8333333333333334,
        "f1": 0.8333333333333334,
        "roc_auc": 0.8750000000000001,
        "brier_score": 0.14079276033071872
      }
    }
  },
  "wilcoxon": {
    "AWC_vs_KMeans": {
      "statistic": null,
      "p_value": null,
      "significant": false,
      "note": "Identical predictions \u2014 test not applicable"
    },
    "AWC_vs_FCM": {
      "statistic": 0.0,
      "p_value": 0.31731050786291415,
      "significant": false,
      "better_model": "FCM",
      "note": "p=0.3173 (not significant at \u03b1=0.05)"
    },
    "KMeans_vs_FCM": {
      "statistic": 0.0,
      "p_value": 0.31731050786291415,
      "significant": false,
      "better_model": "FCM",
      "note": "p=0.3173 (not significant at \u03b1=0.05)"
    }
  }
}