{
  "meta": {
    "timestamp": "20260427_000811",
    "n_test": 24,
    "n_fertile": 12,
    "n_infertile": 12,
    "n_features": 70,
    "awc_feature_selection": "anova",
    "awc_selected_features": 20
  },
  "results": {
    "AWC": {
      "y_true": [
        0,
        0,
        0,
        0,
        0,
        0,
        0,
        0,
        0,
        0,
        0,
        0,
        1,
        1,
        1,
        1,
        1,
        1,
        1,
        1,
        1,
        1,
        1,
        1
      ],
      "y_pred": [
        0,
        0,
        0,
        0,
        0,
        0,
        0,
        0,
        1,
        0,
        1,
        0,
        1,
        1,
        1,
        1,
        1,
        1,
        1,
        1,
        1,
        1,
        1,
        1
      ],
      "metrics": {
        "accuracy": 0.9166666666666666,
        "precision": 0.8571428571428571,
        "recall": 1.0,
        "specificity": 0.8333333333333334,
        "f1": 0.9230769230769231,
        "roc_auc": 0.951388888888889,
        "brier_score": 0.10378104114125354
      }
    },
    "KMeans": {
      "y_true": [
        0,
        0,
        0,
        0,
        0,
        0,
        0,
        0,
        0,
        0,
        0,
        0,
        1,
        1,
        1,
        1,
        1,
        1,
        1,
        1,
        1,
        1,
        1,
        1
      ],
      "y_pred": [
        0,
        0,
        0,
        0,
        0,
        0,
        0,
        0,
        1,
        0,
        1,
        0,
        1,
        1,
        1,
        1,
        1,
        0,
        1,
        1,
        0,
        1,
        1,
        0
      ],
      "metrics": {
        "accuracy": 0.7916666666666666,
        "precision": 0.8181818181818182,
        "recall": 0.75,
        "specificity": 0.8333333333333334,
        "f1": 0.782608695652174,
        "roc_auc": 0.9166666666666667,
        "brier_score": 0.17930629541811105
      }
    },
    "FCM": {
      "y_true": [
        0,
        0,
        0,
        0,
        0,
        0,
        0,
        0,
        0,
        0,
        0,
        0,
        1,
        1,
        1,
        1,
        1,
        1,
        1,
        1,
        1,
        1,
        1,
        1
      ],
      "y_pred": [
        0,
        0,
        0,
        0,
        0,
        0,
        0,
        0,
        1,
        0,
        1,
        0,
        1,
        1,
        1,
        1,
        1,
        0,
        1,
        1,
        0,
        1,
        1,
        1
      ],
      "metrics": {
        "accuracy": 0.8333333333333334,
        "precision": 0.8333333333333334,
        "recall": 0.8333333333333334,
        "specificity": 0.8333333333333334,
        "f1": 0.8333333333333334,
        "roc_auc": 0.8750000000000001,
        "brier_score": 0.14079276033071872
      }
    }
  },
  "wilcoxon": {
    "AWC_vs_KMeans": {
      "statistic": 0.0,
      "p_value": 0.0832645166635504,
      "significant": false,
      "better_model": "AWC",
      "note": "p=0.0833 (not significant at \u03b1=0.05)"
    },
    "AWC_vs_FCM": {
      "statistic": 0.0,
      "p_value": 0.15729920705028502,
      "significant": false,
      "better_model": "AWC",
      "note": "p=0.1573 (not significant at \u03b1=0.05)"
    },
    "KMeans_vs_FCM": {
      "statistic": 0.0,
      "p_value": 0.31731050786291415,
      "significant": false,
      "better_model": "FCM",
      "note": "p=0.3173 (not significant at \u03b1=0.05)"
    }
  }
}