{
  "meta": {
    "timestamp": "20260424_235648",
    "n_test": 24,
    "n_fertile": 12,
    "n_infertile": 12,
    "n_features": 335
  },
  "results": {
    "AWC": {
      "y_true": [
        0,
        0,
        0,
        0,
        0,
        0,
        0,
        0,
        0,
        0,
        0,
        0,
        1,
        1,
        1,
        1,
        1,
        1,
        1,
        1,
        1,
        1,
        1,
        1
      ],
      "y_pred": [
        1,
        0,
        0,
        0,
        0,
        0,
        0,
        0,
        1,
        1,
        1,
        1,
        1,
        1,
        1,
        1,
        1,
        1,
        1,
        1,
        1,
        1,
        1,
        1
      ],
      "metrics": {
        "accuracy": 0.7916666666666666,
        "precision": 0.7058823529411765,
        "recall": 1.0,
        "specificity": 0.5833333333333334,
        "f1": 0.8275862068965517,
        "roc_auc": 0.9444444444444444,
        "brier_score": 0.1864436433767959
      }
    },
    "KMeans": {
      "y_true": [
        0,
        0,
        0,
        0,
        0,
        0,
        0,
        0,
        0,
        0,
        0,
        0,
        1,
        1,
        1,
        1,
        1,
        1,
        1,
        1,
        1,
        1,
        1,
        1
      ],
      "y_pred": [
        1,
        0,
        0,
        0,
        0,
        0,
        0,
        0,
        1,
        1,
        1,
        1,
        1,
        1,
        1,
        1,
        1,
        1,
        1,
        1,
        1,
        1,
        1,
        1
      ],
      "metrics": {
        "accuracy": 0.7916666666666666,
        "precision": 0.7058823529411765,
        "recall": 1.0,
        "specificity": 0.5833333333333334,
        "f1": 0.8275862068965517,
        "roc_auc": 0.8958333333333334,
        "brier_score": 0.18669818166617183
      }
    },
    "FCM": {
      "y_true": [
        0,
        0,
        0,
        0,
        0,
        0,
        0,
        0,
        0,
        0,
        0,
        0,
        1,
        1,
        1,
        1,
        1,
        1,
        1,
        1,
        1,
        1,
        1,
        1
      ],
      "y_pred": [
        1,
        0,
        0,
        0,
        0,
        0,
        0,
        0,
        1,
        1,
        1,
        1,
        1,
        1,
        1,
        1,
        1,
        1,
        1,
        1,
        1,
        1,
        1,
        1
      ],
      "metrics": {
        "accuracy": 0.7916666666666666,
        "precision": 0.7058823529411765,
        "recall": 1.0,
        "specificity": 0.5833333333333334,
        "f1": 0.8275862068965517,
        "roc_auc": 0.875,
        "brier_score": 0.13789924877238396
      }
    }
  },
  "wilcoxon": {
    "AWC_vs_KMeans": {
      "statistic": null,
      "p_value": null,
      "significant": false,
      "note": "Identical predictions \u2014 test not applicable"
    },
    "AWC_vs_FCM": {
      "statistic": null,
      "p_value": null,
      "significant": false,
      "note": "Identical predictions \u2014 test not applicable"
    },
    "KMeans_vs_FCM": {
      "statistic": null,
      "p_value": null,
      "significant": false,
      "note": "Identical predictions \u2014 test not applicable"
    }
  }
}